{
    "swagger": "2.0",
    "info": {
        "title": "Facial Recognition",
        "version": "1.0"
    },
    "host": "localhost:8000",
    "paths": {
        "/profiles": {
            "get": {
                "responses": {
                    "200": {
                        "description": "",
                        "schema": {
                            "$ref": "#/definitions/profile-sumary"
                        }
                    },
                    "500": {
                        "description": "",
                        "schema": {
                            "$ref": "#/definitions/error"
                        }
                    }
                },
                "produces": [
                    "application/json"
                ],
                "consumes": [
                    "application/json"
                ],
                "operationId": "profiles_get"
            }
        },
        "/unchecks": {
            "get": {
                "responses": {
                    "200": {
                        "description": "",
                        "schema": {
                            "$ref": "#/definitions/uncheck-sumary"
                        }
                    },
                    "500": {
                        "description": "",
                        "schema": {
                            "$ref": "#/definitions/error"
                        }
                    }
                },
                "produces": [
                    "application/json"
                ],
                "consumes": [
                    "application/json"
                ],
                "operationId": "uncheck_get"
            }
        },
        "/profiles/profile/{id}": {
            "get": {
                "responses": {
                    "200": {
                        "description": "",
                        "schema": {
                            "$ref": "#/definitions/profile"
                        }
                    },
                    "404": {
                        "description": ""
                    },
                    "500": {
                        "description": "",
                        "schema": {
                            "$ref": "#/definitions/error"
                        }
                    }
                },
                "description": "Returns a profile.",
                "operationId": "profiles_profile_get"
            },
            "parameters": [{
                "name": "id",
                "in": "path",
                "type": "string",
                "required": true
            }],
            "delete": {
                "responses": {
                    "200": {
                        "description": "",
                        "schema": {
                            "type": "object",
                            "properties": {}
                        }
                    },
                    "404": {
                        "description": "",
                        "schema": {
                            "$ref": "#/definitions/error"
                        }
                    },
                    "500": {
                        "description": "",
                        "schema": {
                            "$ref": "#/definitions/error"
                        }
                    }
                },
                "description": "Removes a profiile.",
                "operationId": "profiles_profile_delete"
            }
        },
        "/unchecks/uncheck/{id}": {
            "get": {
                "responses": {
                    "200": {
                        "description": "",
                        "schema": {
                            "$ref": "#/definitions/profile"
                        }
                    },
                    "404": {
                        "description": ""
                    },
                    "500": {
                        "description": "",
                        "schema": {
                            "$ref": "#/definitions/error"
                        }
                    }
                },
                "description": "Returns a unchecks.",
                "operationId": "unchecks_uncheck_get"
            },
            "parameters": [{
                "name": "id",
                "in": "path",
                "type": "string",
                "required": true
            }]
        },
        "/unchecks/image/{name}": {
            "get": {
                "responses": {
                    "200": {
                        "description": "",
                        "schema": {
                            "$ref": "#/definitions/uncheck-image"
                        }
                    },
                    "404": {
                        "description": ""
                    },
                    "500": {
                        "description": "",
                        "schema": {
                            "$ref": "#/definitions/error"
                        }
                    }
                },
                "description": "Returns list image.",
                "operationId": "unchecks_image"
            },
            "parameters": [{
                "name": "name",
                "in": "path",
                "type": "string",
                "required": true
            }]
        },
        "/profiles/profile": {
            "post": {
                "responses": {
                    "200": {
                        "description": "",
                        "schema": {
                            "$ref": "#/definitions/profile"
                        }
                    },
                    "500": {
                        "description": "",
                        "schema": {
                            "$ref": "#/definitions/error"
                        }
                    }
                },
                "description": "Creates a new profile from the payload.  A new id value will be generated and any value provided in the POST payload will be ignored.",
                "parameters": [],
                "operationId": "profiles_profile_post"
            },
            "put": {
                "responses": {
                    "200": {
                        "description": "",
                        "schema": {
                            "type": "object",
                            "properties": {}
                        }
                    },
                    "404": {
                        "description": "",
                        "schema": {
                            "$ref": "#/definitions/error"
                        }
                    },
                    "500": {
                        "description": "",
                        "schema": {
                            "$ref": "#/definitions/error"
                        }
                    }
                },
                "description": "Updates an existing profile.",
                "operationId": "profiles_profile_put"
            }
        },
        "/file/{fileName}": {
            "get": {
                "responses": {
                    "200": {
                        "description": "",
                        "schema": {
                            "$ref": "#/definitions/profile"
                        }
                    },
                    "404": {
                        "description": "",
                        "schema": {
                            "$ref": "#/definitions/error"
                        }
                    },
                    "500": {
                        "description": "",
                        "schema": {
                            "$ref": "#/definitions/error"
                        }
                    }
                },
                "operationId": "file_get"
            },
            "parameters": [{
                "name": "fileName",
                "in": "path",
                "type": "string",
                "required": true
            }]
        },
        "/comfirm": {
            "post": {
                "responses": {
                    "200": {
                        "description": "",
                        "schema": {
                            "$ref": "#/definitions/listImage"
                        }
                    },
                    "500": {
                        "description": "",
                        "schema": {
                            "$ref": "#/definitions/error"
                        }
                    }
                },
                "description": "Comfirm list image",
                "parameters": [],
                "operationId": "move_file"
            }
        },
        "/time/{name}": {
            "get": {
                "responses": {
                    "200": {
                        "description": "",
                        "schema": {
                            "type": "object",
                            "properties": {
                                "time": {
                                    "type": "string"
                                },
                                "name": {
                                    "type": "string"
                                }
                            }
                        }
                    },
                    "404": {
                        "description": ""
                    },
                    "500": {
                        "description": "",
                        "schema": {
                            "$ref": "#/definitions/error"
                        }
                    }
                },
                "description": "Returns a time.",
                "operationId": "time_get"
            },
            "post": {
                "responses": {
                    "200": {
                        "description": "",
                        "schema": {
                            "type": "object",
                            "properties": {
                                "time": {
                                    "type": "string"
                                },
                                "name": {
                                    "type": "string"
                                }
                            }
                        }
                    },
                    "500": {
                        "description": "",
                        "schema": {
                            "$ref": "#/definitions/error"
                        }
                    }
                },
                "description": "Returns a time.",
                "operationId": "time_post"
            },
            "parameters": [{
                "name": "name",
                "in": "path",
                "type": "string",
                "required": true
            }]
        },
        "/mqtt": {
            "post": {
                "responses": {
                    "200": {
                        "description": "",
                        "schema": {
                            "type": "object",
                            "properties": {}
                        }
                    }
                },
                "operationId": "mqtt_post",
                "description": "Publishes a message to an MQTT topic.",
                "parameters": [{
                    "in": "body",
                    "name": "body",
                    "schema": {
                        "type": "object",
                        "properties": {
                            "topic": {
                                "type": "string"
                            },
                            "message": {
                                "type": "string"
                            }
                        }
                    }
                }]
            }
        }
    },
    "definitions": {
        "profile": {
            "type": "object",
            "title": "Profile of a user or customer.",
            "properties": {
                "id": {
                    "type": "string"
                },
                "name": {
                    "type": "string",
                    "maxLength": 20
                },
                "clearanceType": {
                    "type": "string",
                    "maxLength": 20
                },
                "position": {
                    "type": "string",
                    "maxLength": 20
                },
                "age": {
                    "type": "integer",
                    "maximum": 999
                },
                "height": {
                    "type": "string",
                    "maxLength": 10
                },
                "phone": {
                    "type": "string",
                    "maxLength": 15
                },
                "email": {
                    "type": "string",
                    "format": "email"
                },
                "weight": {
                    "type": "string"
                },
                "image": {
                    "type": "string",
                    "format": "uri"
                }
            },
            "required": [
                "id"
            ]
        },
        "uncheck-image": {
            "type": "object",
            "title": "A stripped down version of the profile object.",
            "properties": {
                "id": {
                    "type": "number"
                },
                "name": {
                    "type": "string"
                },
                "image": {
                    "type": "string",
                    "maxLength": 100
                }
            },
            "required": [
                "name"
            ]
        },
        "profile-sumary": {
            "type": "object",
            "title": "A stripped down version of the profile object.",
            "properties": {
                "id": {
                    "type": "string"
                },
                "name": {
                    "type": "string",
                    "maxLength": 20
                }
            },
            "required": [
                "id"
            ]
        },
        "uncheck-sumary": {
            "type": "object",
            "title": "A stripped down version of the profile object.",
            "properties": {
                "id": {
                    "type": "string"
                },
                "name": {
                    "type": "string",
                    "maxLength": 20
                },
                "age": {
                    "type": "int",
                    "maxLength": 20
                },
                "sex": {
                    "type": "string",
                    "maxLength": 20
                },
                "image": {
                    "type": "string",
                    "maxLength": 100
                }
            },
            "required": [
                "id"
            ]
        },
        "listImage": {
            "type": "array",
            "title": "A list of image"
                       
        },
        "error": {
            "type": "object",
            "title": "Standardized error message.",
            "properties": {
                "code": {
                    "type": "string"
                },
                "message": {
                    "type": "string"
                },
                "trace": {
                    "type": "string"
                }
            }
        }
    },
    "basePath": "/api/facial-recognition"
}